Workbook

Sheet RealTime
A1: Ticker | B1: Value
A2: O/N
A3: 1W | B3: 0.9788
A4: 1M | B4: 0.97925
A5: 2M | B5: 1.02984
A6: 3M | B6: 1.075
A7: 4M | B7: 1.11506
A8: 5M | B8: 1.15455
A9: 6M | B9: 1.1937
A10: 7M | B10: 1.22676
A11: 8M | B11: 1.26125
A12: 9M | B12: 1.2945
A13: 10M | B13: 1.329
A14: 11M | B14: 1.35861
... A17: 18M | B17: 1.53125
A18: 21M
A19: 24M | B19: 1.65125
A20: 36M | B20: 1.82542
A21: 4Y | B21: 1.97058
A22: 5Y | B22: 2.10308
A23: 6Y | B23: 2.22542
A24: 7Y | B24: 2.34192
A25: 8Y | B25: 2.45308
A26: 9Y | B26: 2.55838
A27: 10Y | B27: 2.65676
A28: 11Y | B28: 2.74833
A29: 12Y | B29: 2.83192
A30: 15Y | B30: 3.04478
... A35: 40Y | B35: 3.49094
A36: M1
A37: M2
A38: M3
A39: M4
A40: M5
A41: M6
A42: M7
A43: M8
A45: include_15_18_21m | B45: FALSE

Sheet pricing
A1: flag | B1: risk_flag | C1: remarks | D1: notional | E1: delta | F1: adj_notional | G1: start | H1: tenor | I1: end | J1: fix rate | K1: fix freq | L1: fix dcf | M1: index | N1: float freq | O1: float dcf | P1: roll conv | Q1: target fixrate | R1: spred | S1: fly | T1: pay/rec | U1: PV | V1: delta | W1: delta(annuity) | Z1: =INDEX(BucketedDelta($G2,$H2,$I2,$K2,$L2,$N2,$O2,$P2,$D2,$T2,$J2,RealTime!$A$2:$B$43,TODAY(),TRUE),1,0)
A2: 1 | B2: 0 | C2: test | D2: 1000000000 | F2: =IF($E2="","",NotionalForDelta($E2,$G2,$H2,$I2,$K2,$L2,$N2,$O2,$P2,$T2,RealTime!$A$2:$B$43,TODAY())) | G2: 46233 | H2: 2y | I2: 46965 | K2: PA | L2: act/365fixed | M2: JSCC | N2: PA | O2: act/365fixed | P2: STD | Q2: =FairRate($G2,$H2,$I2,$K2,$L2,$N2,$O2,$P2,RealTime!$A$2:$B$43,TODAY()) | R2: =IF(ISNUMBER(Q1),Q2-Q1,"") | S2: =IF(AND(ISNUMBER(Q1),ISNUMBER(Q3)),2*Q2-Q1-Q3,"") | T2: PAY | U2: =SwapPV($G2,$H2,$I2,$K2,$L2,$N2,$O2,$P2,$D2,$T2,$J2,RealTime!$A$2:$B$43,TODAY()) | V2: =SwapDelta($G2,$H2,$I2,$K2,$L2,$N2,$O2,$P2,$D2,$T2,$J2,RealTime!$A$2:$B$43,TODAY()) | W2: =SwapAnnuityDelta($G2,$H2,$I2,$K2,$L2,$N2,$O2,$P2,$D2,$T2,RealTime!$A$2:$B$43,TODAY()) | Z2: =IF($B2=1,BucketedDelta($G2,$H2,$I2,$K2,$L2,$N2,$O2,$P2,$D2,$T2,$J2,RealTime!$A$2:$B$43,TODAY(),FALSE),"")
A3: 1 | B3: 0 | C3: test | D3: 1000000000 | F3: =IF($E3="","",NotionalForDelta($E3,$G3,$H3,$I3,$K3,$L3,$N3,$O3,$P3,$T3,RealTime!$A$2:$B$43,TODAY())) | G3: 46233 | H3: 5y | I3: 48059 | K3: PA | L3: act/365fixed | M3: JSCC | N3: PA | O3: act/365fixed | P3: STD | Q3: =FairRate($G3,$H3,$I3,$K3,$L3,$N3,$O3,$P3,RealTime!$A$2:$B$43,TODAY()) | R3: =IF(ISNUMBER(Q2),Q3-Q2,"") | S3: =IF(AND(ISNUMBER(Q2),ISNUMBER(Q4)),2*Q3-Q2-Q4,"") | T3: PAY | U3: =SwapPV($G3,$H3,$I3,$K3,$L3,$N3,$O3,$P3,$D3,$T3,$J3,RealTime!$A$2:$B$43,TODAY()) | V3: =SwapDelta($G3,$H3,$I3,$K3,$L3,$N3,$O3,$P3,$D3,$T3,$J3,RealTime!$A$2:$B$43,TODAY()) | W3: =SwapAnnuityDelta($G3,$H3,$I3,$K3,$L3,$N3,$O3,$P3,$D3,$T3,RealTime!$A$2:$B$43,TODAY()) | Z3: =IF($B3=1,BucketedDelta($G3,$H3,$I3,$K3,$L3,$N3,$O3,$P3,$D3,$T3,$J3,RealTime!$A$2:$B$43,TODAY(),FALSE),"")
A4: 1 | B4: 0 | C4: test | D4: 1000000000 | F4: =IF($E4="","",NotionalForDelta($E4,$G4,$H4,$I4,$K4,$L4,$N4,$O4,$P4,$T4,RealTime!$A$2:$B$43,TODAY())) | G4: 46233 | H4: 10y | I4: 49886 | K4: PA | L4: act/365fixed | M4: JSCC | N4: PA | O4: act/365fixed | P4: STD | Q4: =FairRate($G4,$H4,$I4,$K4,$L4,$N4,$O4,$P4,RealTime!$A$2:$B$43,TODAY()) | R4: =IF(ISNUMBER(Q3),Q4-Q3,"") | S4: =IF(AND(ISNUMBER(Q3),ISNUMBER(Q5)),2*Q4-Q3-Q5,"") | T4: PAY | U4: =SwapPV($G4,$H4,$I4,$K4,$L4,$N4,$O4,$P4,$D4,$T4,$J4,RealTime!$A$2:$B$43,TODAY()) | V4: =SwapDelta($G4,$H4,$I4,$K4,$L4,$N4,$O4,$P4,$D4,$T4,$J4,RealTime!$A$2:$B$43,TODAY()) | W4: =SwapAnnuityDelta($G4,$H4,$I4,$K4,$L4,$N4,$O4,$P4,$D4,$T4,RealTime!$A$2:$B$43,TODAY()) | Z4: =IF($B4=1,BucketedDelta($G4,$H4,$I4,$K4,$L4,$N4,$O4,$P4,$D4,$T4,$J4,RealTime!$A$2:$B$43,TODAY(),FALSE),"")
F5: =IF($E5="","",NotionalForDelta($E5,$G5,$H5,$I5,$K5,$L5,$N5,$O5,$P5,$T5,RealTime!$A$2:$B$43,TODAY())) | Q5: =FairRate($G5,$H5,$I5,$K5,$L5,$N5,$O5,$P5,RealTime!$A$2:$B$43,TODAY()) | R5: =IF(ISNUMBER(Q4),Q5-Q4,"") | S5: =IF(AND(ISNUMBER(Q4),ISNUMBER(Q6)),2*Q5-Q4-Q6,"") | U5: =SwapPV($G5,$H5,$I5,$K5,$L5,$N5,$O5,$P5,$D5,$T5,$J5,RealTime!$A$2:$B$43,TODAY()) | V5: =SwapDelta($G5,$H5,$I5,$K5,$L5,$N5,$O5,$P5,$D5,$T5,$J5,RealTime!$A$2:$B$43,TODAY()) | W5: =SwapAnnuityDelta($G5,$H5,$I5,$K5,$L5,$N5,$O5,$P5,$D5,$T5,RealTime!$A$2:$B$43,TODAY()) | Z5: =IF($B5=1,BucketedDelta($G5,$H5,$I5,$K5,$L5,$N5,$O5,$P5,$D5,$T5,$J5,RealTime!$A$2:$B$43,TODAY(),FALSE),"")
F6: =IF($E6="","",NotionalForDelta($E6,$G6,$H6,$I6,$K6,$L6,$N6,$O6,$P6,$T6,RealTime!$A$2:$B$43,TODAY())) | Q6: =FairRate($G6,$H6,$I6,$K6,$L6,$N6,$O6,$P6,RealTime!$A$2:$B$43,TODAY()) | R6: =IF(ISNUMBER(Q5),Q6-Q5,"") | S6: =IF(AND(ISNUMBER(Q5),ISNUMBER(Q7)),2*Q6-Q5-Q7,"") | U6: =SwapPV($G6,$H6,$I6,$K6,$L6,$N6,$O6,$P6,$D6,$T6,$J6,RealTime!$A$2:$B$43,TODAY()) | V6: =SwapDelta($G6,$H6,$I6,$K6,$L6,$N6,$O6,$P6,$D6,$T6,$J6,RealTime!$A$2:$B$43,TODAY()) | W6: =SwapAnnuityDelta($G6,$H6,$I6,$K6,$L6,$N6,$O6,$P6,$D6,$T6,RealTime!$A$2:$B$43,TODAY()) | Z6: =IF($B6=1,BucketedDelta($G6,$H6,$I6,$K6,$L6,$N6,$O6,$P6,$D6,$T6,$J6,RealTime!$A$2:$B$43,TODAY(),FALSE),"")
F7: =IF($E7="","",NotionalForDelta($E7,$G7,$H7,$I7,$K7,$L7,$N7,$O7,$P7,$T7,RealTime!$A$2:$B$43,TODAY())) | Q7: =FairRate($G7,$H7,$I7,$K7,$L7,$N7,$O7,$P7,RealTime!$A$2:$B$43,TODAY()) | R7: =IF(ISNUMBER(Q6),Q7-Q6,"") | S7: =IF(AND(ISNUMBER(Q6),ISNUMBER(Q8)),2*Q7-Q6-Q8,"") | U7: =SwapPV($G7,$H7,$I7,$K7,$L7,$N7,$O7,$P7,$D7,$T7,$J7,RealTime!$A$2:$B$43,TODAY()) | V7: =SwapDelta($G7,$H7,$I7,$K7,$L7,$N7,$O7,$P7,$D7,$T7,$J7,RealTime!$A$2:$B$43,TODAY()) | W7: =SwapAnnuityDelta($G7,$H7,$I7,$K7,$L7,$N7,$O7,$P7,$D7,$T7,RealTime!$A$2:$B$43,TODAY()) | Z7: =IF($B7=1,BucketedDelta($G7,$H7,$I7,$K7,$L7,$N7,$O7,$P7,$D7,$T7,$J7,RealTime!$A$2:$B$43,TODAY(),FALSE),"")
F8: =IF($E8="","",NotionalForDelta($E8,$G8,$H8,$I8,$K8,$L8,$N8,$O8,$P8,$T8,RealTime!$A$2:$B$43,TODAY())) | Q8: =FairRate($G8,$H8,$I8,$K8,$L8,$N8,$O8,$P8,RealTime!$A$2:$B$43,TODAY()) | R8: =IF(ISNUMBER(Q7),Q8-Q7,"") | S8: =IF(AND(ISNUMBER(Q7),ISNUMBER(Q9)),2*Q8-Q7-Q9,"") | U8: =SwapPV($G8,$H8,$I8,$K8,$L8,$N8,$O8,$P8,$D8,$T8,$J8,RealTime!$A$2:$B$43,TODAY()) | V8: =SwapDelta($G8,$H8,$I8,$K8,$L8,$N8,$O8,$P8,$D8,$T8,$J8,RealTime!$A$2:$B$43,TODAY()) | W8: =SwapAnnuityDelta($G8,$H8,$I8,$K8,$L8,$N8,$O8,$P8,$D8,$T8,RealTime!$A$2:$B$43,TODAY()) | Z8: =IF($B8=1,BucketedDelta($G8,$H8,$I8,$K8,$L8,$N8,$O8,$P8,$D8,$T8,$J8,RealTime!$A$2:$B$43,TODAY(),FALSE),"")
F9: =IF($E9="","",NotionalForDelta($E9,$G9,$H9,$I9,$K9,$L9,$N9,$O9,$P9,$T9,RealTime!$A$2:$B$43,TODAY())) | Q9: =FairRate($G9,$H9,$I9,$K9,$L9,$N9,$O9,$P9,RealTime!$A$2:$B$43,TODAY()) | R9: =IF(ISNUMBER(Q8),Q9-Q8,"") | S9: =IF(AND(ISNUMBER(Q8),ISNUMBER(Q10)),2*Q9-Q8-Q10,"") | U9: =SwapPV($G9,$H9,$I9,$K9,$L9,$N9,$O9,$P9,$D9,$T9,$J9,RealTime!$A$2:$B$43,TODAY()) | V9: =SwapDelta($G9,$H9,$I9,$K9,$L9,$N9,$O9,$P9,$D9,$T9,$J9,RealTime!$A$2:$B$43,TODAY()) | W9: =SwapAnnuityDelta($G9,$H9,$I9,$K9,$L9,$N9,$O9,$P9,$D9,$T9,RealTime!$A$2:$B$43,TODAY()) | Z9: =IF($B9=1,BucketedDelta($G9,$H9,$I9,$K9,$L9,$N9,$O9,$P9,$D9,$T9,$J9,RealTime!$A$2:$B$43,TODAY(),FALSE),"")
F10: =IF($E10="","",NotionalForDelta($E10,$G10,$H10,$I10,$K10,$L10,$N10,$O10,$P10,$T10,RealTime!$A$2:$B$43,TODAY())) | Q10: =FairRate($G10,$H10,$I10,$K10,$L10,$N10,$O10,$P10,RealTime!$A$2:$B$43,TODAY()) | R10: =IF(ISNUMBER(Q9),Q10-Q9,"") | S10: =IF(AND(ISNUMBER(Q9),ISNUMBER(Q11)),2*Q10-Q9-Q11,"") | U10: =SwapPV($G10,$H10,$I10,$K10,$L10,$N10,$O10,$P10,$D10,$T10,$J10,RealTime!$A$2:$B$43,TODAY()) | V10: =SwapDelta($G10,$H10,$I10,$K10,$L10,$N10,$O10,$P10,$D10,$T10,$J10,RealTime!$A$2:$B$43,TODAY()) | W10: =SwapAnnuityDelta($G10,$H10,$I10,$K10,$L10,$N10,$O10,$P10,$D10,$T10,RealTime!$A$2:$B$43,TODAY()) | Z10: =IF($B10=1,BucketedDelta($G10,$H10,$I10,$K10,$L10,$N10,$O10,$P10,$D10,$T10,$J10,RealTime!$A$2:$B$43,TODAY(),FALSE),"")
F11: =IF($E11="","",NotionalForDelta($E11,$G11,$H11,$I11,$K11,$L11,$N11,$O11,$P11,$T11,RealTime!$A$2:$B$43,TODAY())) | Q11: =FairRate($G11,$H11,$I11,$K11,$L11,$N11,$O11,$P11,RealTime!$A$2:$B$43,TODAY()) | R11: =IF(ISNUMBER(Q10),Q11-Q10,"") | S11: =IF(AND(ISNUMBER(Q10),ISNUMBER(Q12)),2*Q11-Q10-Q12,"") | U11: =SwapPV($G11,$H11,$I11,$K11,$L11,$N11,$O11,$P11,$D11,$T11,$J11,RealTime!$A$2:$B$43,TODAY()) | V11: =SwapDelta($G11,$H11,$I11,$K11,$L11,$N11,$O11,$P11,$D11,$T11,$J11,RealTime!$A$2:$B$43,TODAY()) | W11: =SwapAnnuityDelta($G11,$H11,$I11,$K11,$L11,$N11,$O11,$P11,$D11,$T11,RealTime!$A$2:$B$43,TODAY()) | Z11: =IF($B11=1,BucketedDelta($G11,$H11,$I11,$K11,$L11,$N11,$O11,$P11,$D11,$T11,$J11,RealTime!$A$2:$B$43,TODAY(),FALSE),"")
F12: =IF($E12="","",NotionalForDelta($E12,$G12,$H12,$I12,$K12,$L12,$N12,$O12,$P12,$T12,RealTime!$A$2:$B$43,TODAY())) | Q12: =FairRate($G12,$H12,$I12,$K12,$L12,$N12,$O12,$P12,RealTime!$A$2:$B$43,TODAY()) | R12: =IF(ISNUMBER(Q11),Q12-Q11,"") | S12: =IF(AND(ISNUMBER(Q11),ISNUMBER(Q13)),2*Q12-Q11-Q13,"") | U12: =SwapPV($G12,$H12,$I12,$K12,$L12,$N12,$O12,$P12,$D12,$T12,$J12,RealTime!$A$2:$B$43,TODAY()) | V12: =SwapDelta($G12,$H12,$I12,$K12,$L12,$N12,$O12,$P12,$D12,$T12,$J12,RealTime!$A$2:$B$43,TODAY()) | W12: =SwapAnnuityDelta($G12,$H12,$I12,$K12,$L12,$N12,$O12,$P12,$D12,$T12,RealTime!$A$2:$B$43,TODAY()) | Z12: =IF($B12=1,BucketedDelta($G12,$H12,$I12,$K12,$L12,$N12,$O12,$P12,$D12,$T12,$J12,RealTime!$A$2:$B$43,TODAY(),FALSE),"")
F13: =IF($E13="","",NotionalForDelta($E13,$G13,$H13,$I13,$K13,$L13,$N13,$O13,$P13,$T13,RealTime!$A$2:$B$43,TODAY())) | Q13: =FairRate($G13,$H13,$I13,$K13,$L13,$N13,$O13,$P13,RealTime!$A$2:$B$43,TODAY()) | R13: =IF(ISNUMBER(Q12),Q13-Q12,"") | S13: =IF(AND(ISNUMBER(Q12),ISNUMBER(Q14)),2*Q13-Q12-Q14,"") | U13: =SwapPV($G13,$H13,$I13,$K13,$L13,$N13,$O13,$P13,$D13,$T13,$J13,RealTime!$A$2:$B$43,TODAY()) | V13: =SwapDelta($G13,$H13,$I13,$K13,$L13,$N13,$O13,$P13,$D13,$T13,$J13,RealTime!$A$2:$B$43,TODAY()) | W13: =SwapAnnuityDelta($G13,$H13,$I13,$K13,$L13,$N13,$O13,$P13,$D13,$T13,RealTime!$A$2:$B$43,TODAY()) | Z13: =IF($B13=1,BucketedDelta($G13,$H13,$I13,$K13,$L13,$N13,$O13,$P13,$D13,$T13,$J13,RealTime!$A$2:$B$43,TODAY(),FALSE),"")
F14: =IF($E14="","",NotionalForDelta($E14,$G14,$H14,$I14,$K14,$L14,$N14,$O14,$P14,$T14,RealTime!$A$2:$B$43,TODAY())) | Q14: =FairRate($G14,$H14,$I14,$K14,$L14,$N14,$O14,$P14,RealTime!$A$2:$B$43,TODAY()) | R14: =IF(ISNUMBER(Q13),Q14-Q13,"") | S14: =IF(AND(ISNUMBER(Q13),ISNUMBER(Q15)),2*Q14-Q13-Q15,"") | U14: =SwapPV($G14,$H14,$I14,$K14,$L14,$N14,$O14,$P14,$D14,$T14,$J14,RealTime!$A$2:$B$43,TODAY()) | V14: =SwapDelta($G14,$H14,$I14,$K14,$L14,$N14,$O14,$P14,$D14,$T14,$J14,RealTime!$A$2:$B$43,TODAY()) | W14: =SwapAnnuityDelta($G14,$H14,$I14,$K14,$L14,$N14,$O14,$P14,$D14,$T14,RealTime!$A$2:$B$43,TODAY()) | Z14: =IF($B14=1,BucketedDelta($G14,$H14,$I14,$K14,$L14,$N14,$O14,$P14,$D14,$T14,$J14,RealTime!$A$2:$B$43,TODAY(),FALSE),"")
F15: =IF($E15="","",NotionalForDelta($E15,$G15,$H15,$I15,$K15,$L15,$N15,$O15,$P15,$T15,RealTime!$A$2:$B$43,TODAY())) | Q15: =FairRate($G15,$H15,$I15,$K15,$L15,$N15,$O15,$P15,RealTime!$A$2:$B$43,TODAY()) | R15: =IF(ISNUMBER(Q14),Q15-Q14,"") | S15: =IF(AND(ISNUMBER(Q14),ISNUMBER(Q16)),2*Q15-Q14-Q16,"") | U15: =SwapPV($G15,$H15,$I15,$K15,$L15,$N15,$O15,$P15,$D15,$T15,$J15,RealTime!$A$2:$B$43,TODAY()) | V15: =SwapDelta($G15,$H15,$I15,$K15,$L15,$N15,$O15,$P15,$D15,$T15,$J15,RealTime!$A$2:$B$43,TODAY()) | W15: =SwapAnnuityDelta($G15,$H15,$I15,$K15,$L15,$N15,$O15,$P15,$D15,$T15,RealTime!$A$2:$B$43,TODAY()) | Z15: =IF($B15=1,BucketedDelta($G15,$H15,$I15,$K15,$L15,$N15,$O15,$P15,$D15,$T15,$J15,RealTime!$A$2:$B$43,TODAY(),FALSE),"")
F16: =IF($E16="","",NotionalForDelta($E16,$G16,$H16,$I16,$K16,$L16,$N16,$O16,$P16,$T16,RealTime!$A$2:$B$43,TODAY())) | Q16: =FairRate($G16,$H16,$I16,$K16,$L16,$N16,$O16,$P16,RealTime!$A$2:$B$43,TODAY()) | R16: =IF(ISNUMBER(Q15),Q16-Q15,"") | S16: =IF(AND(ISNUMBER(Q15),ISNUMBER(Q17)),2*Q16-Q15-Q17,"") | U16: =SwapPV($G16,$H16,$I16,$K16,$L16,$N16,$O16,$P16,$D16,$T16,$J16,RealTime!$A$2:$B$43,TODAY()) | V16: =SwapDelta($G16,$H16,$I16,$K16,$L16,$N16,$O16,$P16,$D16,$T16,$J16,RealTime!$A$2:$B$43,TODAY()) | W16: =SwapAnnuityDelta($G16,$H16,$I16,$K16,$L16,$N16,$O16,$P16,$D16,$T16,RealTime!$A$2:$B$43,TODAY()) | Z16: =IF($B16=1,BucketedDelta($G16,$H16,$I16,$K16,$L16,$N16,$O16,$P16,$D16,$T16,$J16,RealTime!$A$2:$B$43,TODAY(),FALSE),"")
... F99: =IF($E99="","",NotionalForDelta($E99,$G99,$H99,$I99,$K99,$L99,$N99,$O99,$P99,$T99,RealTime!$A$2:$B$43,TODAY())) | Q99: =FairRate($G99,$H99,$I99,$K99,$L99,$N99,$O99,$P99,RealTime!$A$2:$B$43,TODAY()) | R99: =IF(ISNUMBER(Q98),Q99-Q98,"") | S99: =IF(AND(ISNUMBER(Q98),ISNUMBER(Q100)),2*Q99-Q98-Q100,"") | U99: =SwapPV($G99,$H99,$I99,$K99,$L99,$N99,$O99,$P99,$D99,$T99,$J99,RealTime!$A$2:$B$43,TODAY()) | V99: =SwapDelta($G99,$H99,$I99,$K99,$L99,$N99,$O99,$P99,$D99,$T99,$J99,RealTime!$A$2:$B$43,TODAY()) | W99: =SwapAnnuityDelta($G99,$H99,$I99,$K99,$L99,$N99,$O99,$P99,$D99,$T99,RealTime!$A$2:$B$43,TODAY()) | Z99: =IF($B99=1,BucketedDelta($G99,$H99,$I99,$K99,$L99,$N99,$O99,$P99,$D99,$T99,$J99,RealTime!$A$2:$B$43,TODAY(),FALSE),"")
A100: 0 | F100: =IF($E100="","",NotionalForDelta($E100,$G100,$H100,$I100,$K100,$L100,$N100,$O100,$P100,$T100,RealTime!$A$2:$B$43,TODAY())) | Q100: =FairRate($G100,$H100,$I100,$K100,$L100,$N100,$O100,$P100,RealTime!$A$2:$B$43,TODAY()) | R100: =IF(ISNUMBER(Q99),Q100-Q99,"") | S100: =IF(AND(ISNUMBER(Q99),ISNUMBER(Q101)),2*Q100-Q99-Q101,"") | U100: =SwapPV($G100,$H100,$I100,$K100,$L100,$N100,$O100,$P100,$D100,$T100,$J100,RealTime!$A$2:$B$43,TODAY()) | V100: =SwapDelta($G100,$H100,$I100,$K100,$L100,$N100,$O100,$P100,$D100,$T100,$J100,RealTime!$A$2:$B$43,TODAY()) | W100: =SwapAnnuityDelta($G100,$H100,$I100,$K100,$L100,$N100,$O100,$P100,$D100,$T100,RealTime!$A$2:$B$43,TODAY()) | Z100: =IF($B100=1,BucketedDelta($G100,$H100,$I100,$K100,$L100,$N100,$O100,$P100,$D100,$T100,$J100,RealTime!$A$2:$B$43,TODAY(),FALSE),"")
F101: =IF($E101="","",NotionalForDelta($E101,$G101,$H101,$I101,$K101,$L101,$N101,$O101,$P101,$T101,RealTime!$A$2:$B$43,TODAY())) | Q101: =FairRate($G101,$H101,$I101,$K101,$L101,$N101,$O101,$P101,RealTime!$A$2:$B$43,TODAY()) | R101: =IF(ISNUMBER(Q100),Q101-Q100,"") | S101: =IF(AND(ISNUMBER(Q100),ISNUMBER(Q102)),2*Q101-Q100-Q102,"") | U101: =SwapPV($G101,$H101,$I101,$K101,$L101,$N101,$O101,$P101,$D101,$T101,$J101,RealTime!$A$2:$B$43,TODAY()) | V101: =SwapDelta($G101,$H101,$I101,$K101,$L101,$N101,$O101,$P101,$D101,$T101,$J101,RealTime!$A$2:$B$43,TODAY()) | W101: =SwapAnnuityDelta($G101,$H101,$I101,$K101,$L101,$N101,$O101,$P101,$D101,$T101,RealTime!$A$2:$B$43,TODAY()) | Z101: =IF($B101=1,BucketedDelta($G101,$H101,$I101,$K101,$L101,$N101,$O101,$P101,$D101,$T101,$J101,RealTime!$A$2:$B$43,TODAY(),FALSE),"")
F102: =IF($E102="","",NotionalForDelta($E102,$G102,$H102,$I102,$K102,$L102,$N102,$O102,$P102,$T102,RealTime!$A$2:$B$43,TODAY())) | Q102: =FairRate($G102,$H102,$I102,$K102,$L102,$N102,$O102,$P102,RealTime!$A$2:$B$43,TODAY()) | R102: =IF(ISNUMBER(Q101),Q102-Q101,"") | S102: =IF(AND(ISNUMBER(Q101),ISNUMBER(Q103)),2*Q102-Q101-Q103,"") | U102: =SwapPV($G102,$H102,$I102,$K102,$L102,$N102,$O102,$P102,$D102,$T102,$J102,RealTime!$A$2:$B$43,TODAY()) | V102: =SwapDelta($G102,$H102,$I102,$K102,$L102,$N102,$O102,$P102,$D102,$T102,$J102,RealTime!$A$2:$B$43,TODAY()) | W102: =SwapAnnuityDelta($G102,$H102,$I102,$K102,$L102,$N102,$O102,$P102,$D102,$T102,RealTime!$A$2:$B$43,TODAY()) | Z102: =IF($B102=1,BucketedDelta($G102,$H102,$I102,$K102,$L102,$N102,$O102,$P102,$D102,$T102,$J102,RealTime!$A$2:$B$43,TODAY(),FALSE),"")
F103: =IF($E103="","",NotionalForDelta($E103,$G103,$H103,$I103,$K103,$L103,$N103,$O103,$P103,$T103,RealTime!$A$2:$B$43,TODAY())) | Q103: =FairRate($G103,$H103,$I103,$K103,$L103,$N103,$O103,$P103,RealTime!$A$2:$B$43,TODAY()) | R103: =IF(ISNUMBER(Q102),Q103-Q102,"") | S103: =IF(AND(ISNUMBER(Q102),ISNUMBER(Q104)),2*Q103-Q102-Q104,"") | U103: =SwapPV($G103,$H103,$I103,$K103,$L103,$N103,$O103,$P103,$D103,$T103,$J103,RealTime!$A$2:$B$43,TODAY()) | V103: =SwapDelta($G103,$H103,$I103,$K103,$L103,$N103,$O103,$P103,$D103,$T103,$J103,RealTime!$A$2:$B$43,TODAY()) | W103: =SwapAnnuityDelta($G103,$H103,$I103,$K103,$L103,$N103,$O103,$P103,$D103,$T103,RealTime!$A$2:$B$43,TODAY()) | Z103: =IF($B103=1,BucketedDelta($G103,$H103,$I103,$K103,$L103,$N103,$O103,$P103,$D103,$T103,$J103,RealTime!$A$2:$B$43,TODAY(),FALSE),"")
F104: =IF($E104="","",NotionalForDelta($E104,$G104,$H104,$I104,$K104,$L104,$N104,$O104,$P104,$T104,RealTime!$A$2:$B$43,TODAY())) | Q104: =FairRate($G104,$H104,$I104,$K104,$L104,$N104,$O104,$P104,RealTime!$A$2:$B$43,TODAY()) | R104: =IF(ISNUMBER(Q103),Q104-Q103,"") | S104: =IF(AND(ISNUMBER(Q103),ISNUMBER(Q105)),2*Q104-Q103-Q105,"") | U104: =SwapPV($G104,$H104,$I104,$K104,$L104,$N104,$O104,$P104,$D104,$T104,$J104,RealTime!$A$2:$B$43,TODAY()) | V104: =SwapDelta($G104,$H104,$I104,$K104,$L104,$N104,$O104,$P104,$D104,$T104,$J104,RealTime!$A$2:$B$43,TODAY()) | W104: =SwapAnnuityDelta($G104,$H104,$I104,$K104,$L104,$N104,$O104,$P104,$D104,$T104,RealTime!$A$2:$B$43,TODAY()) | Z104: =IF($B104=1,BucketedDelta($G104,$H104,$I104,$K104,$L104,$N104,$O104,$P104,$D104,$T104,$J104,RealTime!$A$2:$B$43,TODAY(),FALSE),"")
F105: =IF($E105="","",NotionalForDelta($E105,$G105,$H105,$I105,$K105,$L105,$N105,$O105,$P105,$T105,RealTime!$A$2:$B$43,TODAY())) | Q105: =FairRate($G105,$H105,$I105,$K105,$L105,$N105,$O105,$P105,RealTime!$A$2:$B$43,TODAY()) | R105: =IF(ISNUMBER(Q104),Q105-Q104,"") | S105: =IF(AND(ISNUMBER(Q104),ISNUMBER(Q106)),2*Q105-Q104-Q106,"") | U105: =SwapPV($G105,$H105,$I105,$K105,$L105,$N105,$O105,$P105,$D105,$T105,$J105,RealTime!$A$2:$B$43,TODAY()) | V105: =SwapDelta($G105,$H105,$I105,$K105,$L105,$N105,$O105,$P105,$D105,$T105,$J105,RealTime!$A$2:$B$43,TODAY()) | W105: =SwapAnnuityDelta($G105,$H105,$I105,$K105,$L105,$N105,$O105,$P105,$D105,$T105,RealTime!$A$2:$B$43,TODAY()) | Z105: =IF($B105=1,BucketedDelta($G105,$H105,$I105,$K105,$L105,$N105,$O105,$P105,$D105,$T105,$J105,RealTime!$A$2:$B$43,TODAY(),FALSE),"")
F106: =IF($E106="","",NotionalForDelta($E106,$G106,$H106,$I106,$K106,$L106,$N106,$O106,$P106,$T106,RealTime!$A$2:$B$43,TODAY())) | Q106: =FairRate($G106,$H106,$I106,$K106,$L106,$N106,$O106,$P106,RealTime!$A$2:$B$43,TODAY()) | R106: =IF(ISNUMBER(Q105),Q106-Q105,"") | S106: =IF(AND(ISNUMBER(Q105),ISNUMBER(Q107)),2*Q106-Q105-Q107,"") | U106: =SwapPV($G106,$H106,$I106,$K106,$L106,$N106,$O106,$P106,$D106,$T106,$J106,RealTime!$A$2:$B$43,TODAY()) | V106: =SwapDelta($G106,$H106,$I106,$K106,$L106,$N106,$O106,$P106,$D106,$T106,$J106,RealTime!$A$2:$B$43,TODAY()) | W106: =SwapAnnuityDelta($G106,$H106,$I106,$K106,$L106,$N106,$O106,$P106,$D106,$T106,RealTime!$A$2:$B$43,TODAY()) | Z106: =IF($B106=1,BucketedDelta($G106,$H106,$I106,$K106,$L106,$N106,$O106,$P106,$D106,$T106,$J106,RealTime!$A$2:$B$43,TODAY(),FALSE),"")
F107: =IF($E107="","",NotionalForDelta($E107,$G107,$H107,$I107,$K107,$L107,$N107,$O107,$P107,$T107,RealTime!$A$2:$B$43,TODAY())) | Q107: =FairRate($G107,$H107,$I107,$K107,$L107,$N107,$O107,$P107,RealTime!$A$2:$B$43,TODAY()) | R107: =IF(ISNUMBER(Q106),Q107-Q106,"") | S107: =IF(AND(ISNUMBER(Q106),ISNUMBER(Q108)),2*Q107-Q106-Q108,"") | U107: =SwapPV($G107,$H107,$I107,$K107,$L107,$N107,$O107,$P107,$D107,$T107,$J107,RealTime!$A$2:$B$43,TODAY()) | V107: =SwapDelta($G107,$H107,$I107,$K107,$L107,$N107,$O107,$P107,$D107,$T107,$J107,RealTime!$A$2:$B$43,TODAY()) | W107: =SwapAnnuityDelta($G107,$H107,$I107,$K107,$L107,$N107,$O107,$P107,$D107,$T107,RealTime!$A$2:$B$43,TODAY()) | Z107: =IF($B107=1,BucketedDelta($G107,$H107,$I107,$K107,$L107,$N107,$O107,$P107,$D107,$T107,$J107,RealTime!$A$2:$B$43,TODAY(),FALSE),"")
F108: =IF($E108="","",NotionalForDelta($E108,$G108,$H108,$I108,$K108,$L108,$N108,$O108,$P108,$T108,RealTime!$A$2:$B$43,TODAY())) | Q108: =FairRate($G108,$H108,$I108,$K108,$L108,$N108,$O108,$P108,RealTime!$A$2:$B$43,TODAY()) | R108: =IF(ISNUMBER(Q107),Q108-Q107,"") | S108: =IF(AND(ISNUMBER(Q107),ISNUMBER(Q109)),2*Q108-Q107-Q109,"") | U108: =SwapPV($G108,$H108,$I108,$K108,$L108,$N108,$O108,$P108,$D108,$T108,$J108,RealTime!$A$2:$B$43,TODAY()) | V108: =SwapDelta($G108,$H108,$I108,$K108,$L108,$N108,$O108,$P108,$D108,$T108,$J108,RealTime!$A$2:$B$43,TODAY()) | W108: =SwapAnnuityDelta($G108,$H108,$I108,$K108,$L108,$N108,$O108,$P108,$D108,$T108,RealTime!$A$2:$B$43,TODAY()) | Z108: =IF($B108=1,BucketedDelta($G108,$H108,$I108,$K108,$L108,$N108,$O108,$P108,$D108,$T108,$J108,RealTime!$A$2:$B$43,TODAY(),FALSE),"")
F109: =IF($E109="","",NotionalForDelta($E109,$G109,$H109,$I109,$K109,$L109,$N109,$O109,$P109,$T109,RealTime!$A$2:$B$43,TODAY())) | Q109: =FairRate($G109,$H109,$I109,$K109,$L109,$N109,$O109,$P109,RealTime!$A$2:$B$43,TODAY()) | R109: =IF(ISNUMBER(Q108),Q109-Q108,"") | S109: =IF(AND(ISNUMBER(Q108),ISNUMBER(Q110)),2*Q109-Q108-Q110,"") | U109: =SwapPV($G109,$H109,$I109,$K109,$L109,$N109,$O109,$P109,$D109,$T109,$J109,RealTime!$A$2:$B$43,TODAY()) | V109: =SwapDelta($G109,$H109,$I109,$K109,$L109,$N109,$O109,$P109,$D109,$T109,$J109,RealTime!$A$2:$B$43,TODAY()) | W109: =SwapAnnuityDelta($G109,$H109,$I109,$K109,$L109,$N109,$O109,$P109,$D109,$T109,RealTime!$A$2:$B$43,TODAY()) | Z109: =IF($B109=1,BucketedDelta($G109,$H109,$I109,$K109,$L109,$N109,$O109,$P109,$D109,$T109,$J109,RealTime!$A$2:$B$43,TODAY(),FALSE),"")
F110: =IF($E110="","",NotionalForDelta($E110,$G110,$H110,$I110,$K110,$L110,$N110,$O110,$P110,$T110,RealTime!$A$2:$B$43,TODAY())) | Q110: =FairRate($G110,$H110,$I110,$K110,$L110,$N110,$O110,$P110,RealTime!$A$2:$B$43,TODAY()) | R110: =IF(ISNUMBER(Q109),Q110-Q109,"") | S110: =IF(AND(ISNUMBER(Q109),ISNUMBER(Q111)),2*Q110-Q109-Q111,"") | U110: =SwapPV($G110,$H110,$I110,$K110,$L110,$N110,$O110,$P110,$D110,$T110,$J110,RealTime!$A$2:$B$43,TODAY()) | V110: =SwapDelta($G110,$H110,$I110,$K110,$L110,$N110,$O110,$P110,$D110,$T110,$J110,RealTime!$A$2:$B$43,TODAY()) | W110: =SwapAnnuityDelta($G110,$H110,$I110,$K110,$L110,$N110,$O110,$P110,$D110,$T110,RealTime!$A$2:$B$43,TODAY()) | Z110: =IF($B110=1,BucketedDelta($G110,$H110,$I110,$K110,$L110,$N110,$O110,$P110,$D110,$T110,$J110,RealTime!$A$2:$B$43,TODAY(),FALSE),"")
F111: =IF($E111="","",NotionalForDelta($E111,$G111,$H111,$I111,$K111,$L111,$N111,$O111,$P111,$T111,RealTime!$A$2:$B$43,TODAY())) | Q111: =FairRate($G111,$H111,$I111,$K111,$L111,$N111,$O111,$P111,RealTime!$A$2:$B$43,TODAY()) | R111: =IF(ISNUMBER(Q110),Q111-Q110,"") | S111: =IF(AND(ISNUMBER(Q110),ISNUMBER(Q112)),2*Q111-Q110-Q112,"") | U111: =SwapPV($G111,$H111,$I111,$K111,$L111,$N111,$O111,$P111,$D111,$T111,$J111,RealTime!$A$2:$B$43,TODAY()) | V111: =SwapDelta($G111,$H111,$I111,$K111,$L111,$N111,$O111,$P111,$D111,$T111,$J111,RealTime!$A$2:$B$43,TODAY()) | W111: =SwapAnnuityDelta($G111,$H111,$I111,$K111,$L111,$N111,$O111,$P111,$D111,$T111,RealTime!$A$2:$B$43,TODAY()) | Z111: =IF($B111=1,BucketedDelta($G111,$H111,$I111,$K111,$L111,$N111,$O111,$P111,$D111,$T111,$J111,RealTime!$A$2:$B$43,TODAY(),FALSE),"")
F112: =IF($E112="","",NotionalForDelta($E112,$G112,$H112,$I112,$K112,$L112,$N112,$O112,$P112,$T112,RealTime!$A$2:$B$43,TODAY())) | Q112: =FairRate($G112,$H112,$I112,$K112,$L112,$N112,$O112,$P112,RealTime!$A$2:$B$43,TODAY()) | R112: =IF(ISNUMBER(Q111),Q112-Q111,"") | S112: =IF(AND(ISNUMBER(Q111),ISNUMBER(Q113)),2*Q112-Q111-Q113,"") | U112: =SwapPV($G112,$H112,$I112,$K112,$L112,$N112,$O112,$P112,$D112,$T112,$J112,RealTime!$A$2:$B$43,TODAY()) | V112: =SwapDelta($G112,$H112,$I112,$K112,$L112,$N112,$O112,$P112,$D112,$T112,$J112,RealTime!$A$2:$B$43,TODAY()) | W112: =SwapAnnuityDelta($G112,$H112,$I112,$K112,$L112,$N112,$O112,$P112,$D112,$T112,RealTime!$A$2:$B$43,TODAY()) | Z112: =IF($B112=1,BucketedDelta($G112,$H112,$I112,$K112,$L112,$N112,$O112,$P112,$D112,$T112,$J112,RealTime!$A$2:$B$43,TODAY(),FALSE),"")
... F200: =IF($E200="","",NotionalForDelta($E200,$G200,$H200,$I200,$K200,$L200,$N200,$O200,$P200,$T200,RealTime!$A$2:$B$43,TODAY())) | Q200: =FairRate($G200,$H200,$I200,$K200,$L200,$N200,$O200,$P200,RealTime!$A$2:$B$43,TODAY()) | R200: =IF(ISNUMBER(Q199),Q200-Q199,"") | S200: =IF(AND(ISNUMBER(Q199),ISNUMBER(Q201)),2*Q200-Q199-Q201,"") | U200: =SwapPV($G200,$H200,$I200,$K200,$L200,$N200,$O200,$P200,$D200,$T200,$J200,RealTime!$A$2:$B$43,TODAY()) | V200: =SwapDelta($G200,$H200,$I200,$K200,$L200,$N200,$O200,$P200,$D200,$T200,$J200,RealTime!$A$2:$B$43,TODAY()) | W200: =SwapAnnuityDelta($G200,$H200,$I200,$K200,$L200,$N200,$O200,$P200,$D200,$T200,RealTime!$A$2:$B$43,TODAY()) | Z200: =IF($B200=1,BucketedDelta($G200,$H200,$I200,$K200,$L200,$N200,$O200,$P200,$D200,$T200,$J200,RealTime!$A$2:$B$43,TODAY(),FALSE),"")
Y201: TOTAL | Z201: =SUM(Z2:Z200) | AA201: =SUM(AA2:AA200) | AB201: =SUM(AB2:AB200) | AC201: =SUM(AC2:AC200) | AD201: =SUM(AD2:AD200) | AE201: =SUM(AE2:AE200) | AF201: =SUM(AF2:AF200) | AG201: =SUM(AG2:AG200) | ... BM201: =SUM(BM2:BM200)

Sheet Historical
A1: 2Y | B1: =HistoricalOutright("2y","PA","act/365fixed","PA","act/365fixed","STD") | E1: 5Y | F1: =HistoricalOutright("5y","PA","act/365fixed","PA","act/365fixed","STD") | I1: 10Y | J1: =HistoricalOutright("10y","PA","act/365fixed","PA","act/365fixed","STD") | M1: 2s10s Curve | N1: Date | O1: Spread | Q1: 2s5s10s Fly | R1: Date | S1: Fly
N2: =J2# | O2: =K2#-C2# | R2: =J2# | S2: =2*G2#-C2#-K2#

Sheet Calc
A1: Ticker | B1: RealTimeValue

Sheet _xlwings.conf
A1: Interpreter_Win | B1: python
A2: Interpreter_Mac
A3: PYTHONPATH
A4: Conda Path
A5: Conda Env
A6: UDF Modules | B6: swap_pricing.udf
A7: Debug UDFs | B7: FALSE
A8: Use UDF Server | B8: FALSE
A9: Show Console | B9: FALSE
A13: Instructions:
A14: If you want to rely on the settings in the addin or an xlwings.conf file, you can delete this sheet.
A15: Rename this sheet to "xlwings.conf" to activate it (remove the leading underscore). The settings have to start in cell A1.
A16: When activated, these settings override the settings in the addin (.xlwings/xlwings.conf file in the user directory) and xlwings.conf in the same directory as this Excel file.
A17: If you delete a row from here, it will fall back to the first non-empty value xlwings finds in an xlwings.conf file and otherwise use the default values.
